FLAG_SCALING_MONTHLY_REVENUE,Jan 2025,Feb 2025,Mar 2025,Apr 2025,May 2025,Jun 2025,Jul 2025,Aug 2025,Sep 2025,Oct 2025,Nov 2025,Dec 2025
REV SCALING RECURRING,7326180,397688012,664872526,917563184,1162558207,1401129190,1666489570,1909260165,2174966241,2420230215,2719014589,3029066579
REV SUSTAIN-ADJ,90184785,95965046,172879437,76766456,85274702,-497671092,92197310,78421045,-1953273225,88555120,0,1070321602
REV SCALING NEW,239542722,258183448,175637360,142218086,208439350,196566365,216130439,216525244,215889937,290596361,183530087,227240077
REV SUSTAIN,14570959202,14297180611,13985617786,13660701721,13404039771,13317534371,13021974652,16153136599,13821284683,11738488573,11830432654,11542397850
Uncategorized,2000000,0,7030850,109136050,0,0,1100000,0,0,0,82017460,83222348
Total,14910012889,15049017117,15006037959,14906385497,14860312030,14417558834,14997891971,18357343053,14258867636,14537870269,14814994790,15952248456
Achievement,98.53489536431354,98.1926552863984,99.05224165737317,95.37969314530235,93.91906457599023,91.80869112876907,91.9931762439573,111.03970170265487,86.79865620273738,85.25755444214481,85.77458214608417,92.84116412141822
